{"cameraMode":{"drawMode":0,"name":"Shaded","section":"Shading Mode"},"sceneLighting":false,"audioPlay":false,"sceneViewState":{"m_AlwaysRefresh":false,"showFog":true,"showSkybox":false,"showFlares":true,"showImageEffects":true,"showParticleSystems":true,"showVisualEffectGraphs":true,"m_FxEnabled":true},"in2DMode":false,"pivot":{"x":-0.4099997878074646,"y":4.440000057220459,"z":-5.960464477539063e-8},"rotation":{"x":0.023994313552975656,"y":-0.01799248717725277,"z":0.00043495386489667,"w":0.9995695948600769},"size":1.038511037826538,"orthographic":true}