{"cameraMode":{"drawMode":0,"name":"Shaded","section":"Shading Mode"},"sceneLighting":false,"audioPlay":false,"sceneViewState":{"m_AlwaysRefresh":false,"showFog":true,"showSkybox":false,"showFlares":true,"showImageEffects":true,"showParticleSystems":true,"showVisualEffectGraphs":true,"m_FxEnabled":true},"in2DMode":false,"pivot":{"x":4.441114902496338,"y":4.282707691192627,"z":0.3810202479362488},"rotation":{"x":0.03899438679218292,"y":-0.690456211566925,"z":0.037318602204322818,"w":0.7213766574859619},"size":1.1242717504501343,"orthographic":true}